{
    "id": "ODHF",
    "title": {
        "en": "Detailed table of healthcare facilities in {0}",
        "fr": "Tableau détaillé des établissements de soins de santé pour {0}"
    },
    "description": {
        "en": "This table contains the healthcare facilities contained in the selected census subdivision.",
        "fr": "Ce tableau contient les établissements de soins de santé contenus dans la sous-division de recensement sélectionnée."
    },
    "fields": [{
            "id": "facility_name",
            "en": "Facility name",
            "fr": "Nom de l'établissement",
            "type": "text"
        }, {
            "id": "index",
            "en": "Health facility ID",
            "fr": "ID de l'établissement de santé",
            "type": "numeric"
        }, {
            "id": "odhf_facility_type",
            "en": "Type",
            "fr": "Type",
            "type": "text"
        }, {
            "id": "street_no",
            "en": "Street number",
            "fr": "Numéro civique",
            "type": "numeric"
        }, {
            "id": "street_name",
            "en": "Street name",
            "fr": "Nom de la rue",
            "type": "text"
        }, {
            "id": "postal_code",
            "en": "Postal code",
            "fr": "Code postal",
            "type": "numeric"
        }, {
            "id": "city",
            "en": "City",
            "fr": "Ville",
            "type": "text"
        }, {
            "id": "province",
            "en": "Province",
            "fr": "Province",
            "type": "text"
        }
    ],
    "summary": {
        "1001240": 1,
        "1001298": 1,
        "1001343": 1,
        "1001370": 1,
        "1001494": 1,
        "1001519": 1,
        "1002005": 1,
        "1002008": 1,
        "1003003": 1,
        "1003004": 1,
        "1003008": 1,
        "1003019": 1,
        "1003028": 1,
        "1003034": 1,
        "1004019": 1,
        "1005018": 1,
        "1006009": 1,
        "1006017": 1,
        "1006022": 1,
        "1006031": 1,
        "1007013": 1,
        "1007023": 1,
        "1007042": 1,
        "1007044": 1,
        "1007047": 1,
        "1007050": 1,
        "1007060": 1,
        "1008033": 1,
        "1008035": 1,
        "1008044": 1,
        "1008061": 1,
        "1008079": 1,
        "1008099": 1,
        "1009007": 1,
        "1009010": 1,
        "1009019": 1,
        "1009029": 1,
        "1010005": 1,
        "1010025": 1,
        "1010032": 1,
        "1101018": 1,
        "1101036": 1,
        "1102043": 1,
        "1102045": 1,
        "1102075": 1,
        "1103014": 1,
        "1103025": 1,
        "1103029": 1,
        "1103033": 1,
        "1103042": 1,
        "1103052": 1,
        "1201001": 1,
        "1201006": 1,
        "1201008": 1,
        "1201009": 1,
        "1202001": 1,
        "1202004": 1,
        "1202006": 1,
        "1203001": 1,
        "1203006": 1,
        "1204010": 1,
        "1205004": 1,
        "1205008": 1,
        "1205009": 1,
        "1205014": 1,
        "1205016": 1,
        "1206001": 1,
        "1206004": 1,
        "1206006": 1,
        "1206008": 1,
        "1206009": 1,
        "1207001": 1,
        "1207004": 1,
        "1207012": 1,
        "1207016": 1,
        "1207021": 1,
        "1207024": 1,
        "1208001": 1,
        "1208002": 1,
        "1208008": 1,
        "1209034": 1,
        "1210001": 1,
        "1210003": 1,
        "1210006": 1,
        "1210008": 1,
        "1211001": 1,
        "1211002": 1,
        "1211006": 1,
        "1211009": 1,
        "1211011": 1,
        "1211014": 1,
        "1212004": 1,
        "1212006": 1,
        "1212014": 1,
        "1212016": 1,
        "1213001": 1,
        "1213004": 1,
        "1214002": 1,
        "1215002": 1,
        "1215006": 1,
        "1215011": 1,
        "1216001": 1,
        "1216006": 1,
        "1217030": 1,
        "1218001": 1,
        "1218006": 1,
        "1301006": 1,
        "1302037": 1,
        "1302052": 1,
        "1303012": 1,
        "1305022": 1,
        "1307009": 1,
        "1307022": 1,
        "1308016": 1,
        "1309050": 1,
        "1310032": 1,
        "1311014": 1,
        "1312006": 1,
        "1312009": 1,
        "1312019": 1,
        "1313027": 1,
        "1314014": 1,
        "1314022": 1,
        "1315002": 1,
        "1315011": 1,
        "1315028": 1,
        "1315032": 1,
        "2401023": 1,
        "2401042": 1,
        "2402005": 1,
        "2402015": 1,
        "2402028": 1,
        "2402047": 1,
        "2403005": 1,
        "2403020": 1,
        "2403025": 1,
        "2404010": 1,
        "2404025": 1,
        "2404037": 1,
        "2404047": 1,
        "2405032": 1,
        "2405045": 1,
        "2405060": 1,
        "2405070": 1,
        "2406005": 1,
        "2406013": 1,
        "2406030": 1,
        "2406045": 1,
        "2406802": 1,
        "2406804": 1,
        "2407018": 1,
        "2407047": 1,
        "2407085": 1,
        "2407095": 1,
        "2408005": 1,
        "2408023": 1,
        "2408053": 1,
        "2408080": 1,
        "2409015": 1,
        "2409077": 1,
        "2409092": 1,
        "2410015": 1,
        "2410025": 1,
        "2410043": 1,
        "2410070": 1,
        "2411005": 1,
        "2411010": 1,
        "2411040": 1,
        "2412005": 1,
        "2412010": 1,
        "2412015": 1,
        "2412030": 1,
        "2412043": 1,
        "2412045": 1,
        "2412057": 1,
        "2412072": 1,
        "2413005": 1,
        "2413025": 1,
        "2413060": 1,
        "2413065": 1,
        "2413073": 1,
        "2413090": 1,
        "2413095": 1,
        "2414018": 1,
        "2414065": 1,
        "2414085": 1,
        "2415013": 1,
        "2415025": 1,
        "2415035": 1,
        "2415058": 1,
        "2415065": 1,
        "2416013": 1,
        "2416023": 1,
        "2416055": 1,
        "2417010": 1,
        "2417020": 1,
        "2417030": 1,
        "2417065": 1,
        "2417070": 1,
        "2417078": 1,
        "2418015": 1,
        "2418045": 1,
        "2418050": 1,
        "2418060": 1,
        "2418065": 1,
        "2419025": 1,
        "2419030": 1,
        "2419037": 1,
        "2419050": 1,
        "2419055": 1,
        "2419062": 1,
        "2419068": 1,
        "2419082": 1,
        "2419097": 1,
        "2419110": 1,
        "2420025": 1,
        "2421025": 1,
        "2422005": 1,
        "2422035": 1,
        "2423015": 1,
        "2423027": 3,
        "2423057": 1,
        "2423072": 1,
        "2423802": 1,
        "2425213": 1,
        "2426005": 1,
        "2426015": 1,
        "2426030": 1,
        "2426055": 1,
        "2426063": 1,
        "2427028": 1,
        "2427043": 1,
        "2427060": 1,
        "2428005": 1,
        "2428020": 1,
        "2428045": 1,
        "2428053": 1,
        "2428075": 1,
        "2429013": 1,
        "2429030": 1,
        "2429045": 1,
        "2429057": 1,
        "2429073": 1,
        "2429100": 1,
        "2430005": 1,
        "2430010": 1,
        "2430030": 1,
        "2430070": 1,
        "2430072": 1,
        "2430080": 1,
        "2430090": 1,
        "2430095": 1,
        "2430105": 1,
        "2430110": 1,
        "2431008": 1,
        "2431015": 1,
        "2431056": 1,
        "2431084": 1,
        "2431122": 1,
        "2432040": 1,
        "2432045": 1,
        "2432065": 1,
        "2433007": 1,
        "2433017": 1,
        "2433025": 1,
        "2433030": 1,
        "2433035": 1,
        "2433045": 1,
        "2433052": 1,
        "2433060": 1,
        "2433080": 1,
        "2433090": 1,
        "2433102": 1,
        "2433115": 1,
        "2434017": 1,
        "2434025": 1,
        "2434048": 1,
        "2434065": 1,
        "2434090": 1,
        "2434128": 1,
        "2434135": 1,
        "2435027": 1,
        "2435050": 1,
        "2436033": 1,
        "2437067": 2,
        "2437205": 1,
        "2437215": 1,
        "2437245": 1,
        "2438010": 1,
        "2438047": 1,
        "2439010": 1,
        "2439062": 1,
        "2440005": 1,
        "2440025": 1,
        "2440043": 1,
        "2441027": 1,
        "2441038": 1,
        "2441060": 1,
        "2441098": 1,
        "2442055": 1,
        "2442088": 1,
        "2442098": 1,
        "2443027": 1,
        "2444023": 1,
        "2444037": 1,
        "2445008": 1,
        "2445030": 1,
        "2445035": 1,
        "2445050": 1,
        "2445072": 1,
        "2446035": 1,
        "2446040": 1,
        "2446050": 1,
        "2446058": 1,
        "2446075": 1,
        "2446078": 1,
        "2446080": 1,
        "2446090": 1,
        "2446112": 1,
        "2447017": 1,
        "2447025": 1,
        "2447035": 1,
        "2447047": 1,
        "2448010": 1,
        "2448015": 1,
        "2448028": 1,
        "2448038": 1,
        "2449040": 1,
        "2449058": 1,
        "2449075": 1,
        "2449113": 1,
        "2450030": 1,
        "2450042": 1,
        "2450072": 1,
        "2450113": 1,
        "2451015": 1,
        "2451025": 1,
        "2451055": 1,
        "2451060": 1,
        "2451065": 1,
        "2451075": 1,
        "2451085": 1,
        "2451090": 1,
        "2452007": 1,
        "2452017": 1,
        "2452035": 1,
        "2452055": 1,
        "2452080": 1,
        "2452085": 1,
        "2453052": 1,
        "2454025": 1,
        "2454048": 1,
        "2454110": 1,
        "2455023": 1,
        "2455057": 1,
        "2456023": 1,
        "2456042": 1,
        "2456083": 1,
        "2456105": 1,
        "2457005": 1,
        "2457025": 1,
        "2457030": 1,
        "2457035": 1,
        "2457040": 1,
        "2457045": 1,
        "2458007": 1,
        "2458012": 1,
        "2458033": 1,
        "2458037": 1,
        "2458227": 1,
        "2459015": 1,
        "2459020": 1,
        "2459025": 1,
        "2459035": 1,
        "2460005": 1,
        "2460013": 1,
        "2460028": 1,
        "2460035": 1,
        "2461025": 1,
        "2461027": 1,
        "2461030": 1,
        "2461035": 1,
        "2461040": 1,
        "2461045": 1,
        "2462007": 1,
        "2462015": 1,
        "2462025": 1,
        "2462037": 1,
        "2462047": 1,
        "2462060": 1,
        "2462065": 1,
        "2462085": 1,
        "2462802": 1,
        "2463013": 1,
        "2463030": 1,
        "2463035": 1,
        "2463048": 1,
        "2463060": 1,
        "2464008": 1,
        "2464015": 1,
        "2465005": 2,
        "2466023": 5,
        "2466032": 1,
        "2466058": 1,
        "2466072": 1,
        "2466097": 1,
        "2466102": 1,
        "2466107": 1,
        "2466117": 1,
        "2466142": 1,
        "2467010": 1,
        "2467015": 1,
        "2467020": 1,
        "2467025": 1,
        "2467050": 1,
        "2467802": 1,
        "2468030": 1,
        "2468055": 1,
        "2469017": 1,
        "2469037": 1,
        "2469055": 1,
        "2470022": 1,
        "2470052": 1,
        "2471020": 1,
        "2471040": 1,
        "2471050": 1,
        "2471060": 1,
        "2471070": 1,
        "2471083": 1,
        "2471133": 1,
        "2472005": 1,
        "2472010": 1,
        "2472015": 1,
        "2472032": 1,
        "2473005": 1,
        "2473010": 1,
        "2473015": 1,
        "2473020": 1,
        "2473035": 1,
        "2474005": 1,
        "2475017": 1,
        "2475028": 1,
        "2475040": 1,
        "2476008": 1,
        "2476020": 1,
        "2476055": 1,
        "2477022": 1,
        "2477030": 1,
        "2477035": 1,
        "2477043": 1,
        "2477065": 1,
        "2478015": 1,
        "2478032": 1,
        "2478042": 1,
        "2478065": 1,
        "2478070": 1,
        "2478102": 1,
        "2478120": 1,
        "2479005": 1,
        "2479030": 1,
        "2479037": 1,
        "2479088": 1,
        "2479097": 1,
        "2480010": 1,
        "2480020": 1,
        "2480027": 1,
        "2480037": 1,
        "2480050": 1,
        "2480090": 1,
        "2480140": 1,
        "2481017": 2,
        "2482005": 1,
        "2482015": 1,
        "2482020": 1,
        "2482025": 1,
        "2482030": 1,
        "2482035": 1,
        "2483010": 1,
        "2483032": 1,
        "2483065": 1,
        "2483095": 1,
        "2484010": 1,
        "2484030": 1,
        "2484055": 1,
        "2484060": 1,
        "2484065": 1,
        "2484082": 1,
        "2484100": 1,
        "2485005": 1,
        "2485025": 1,
        "2485060": 1,
        "2485075": 1,
        "2485090": 1,
        "2485100": 1,
        "2485105": 1,
        "2486042": 1,
        "2487005": 1,
        "2487020": 1,
        "2487025": 1,
        "2487058": 1,
        "2487085": 1,
        "2487090": 1,
        "2487115": 1,
        "2488022": 1,
        "2488055": 1,
        "2488090": 1,
        "2489008": 1,
        "2489015": 1,
        "2489040": 1,
        "2490012": 1,
        "2491005": 1,
        "2491020": 1,
        "2491025": 1,
        "2491035": 1,
        "2491042": 1,
        "2491050": 1,
        "2491802": 1,
        "2492005": 1,
        "2492010": 1,
        "2492015": 1,
        "2492022": 1,
        "2492030": 1,
        "2492040": 1,
        "2492045": 1,
        "2492050": 1,
        "2492055": 1,
        "2492060": 1,
        "2492065": 1,
        "2492070": 1,
        "2493012": 1,
        "2493020": 1,
        "2493030": 1,
        "2493042": 1,
        "2493045": 1,
        "2493055": 1,
        "2493065": 1,
        "2493080": 1,
        "2494068": 1,
        "2494210": 1,
        "2494230": 1,
        "2494235": 1,
        "2494245": 1,
        "2494928": 1,
        "2495005": 1,
        "2495010": 1,
        "2495025": 1,
        "2495045": 1,
        "2495802": 1,
        "2496005": 1,
        "2496010": 1,
        "2496015": 1,
        "2496020": 1,
        "2497007": 1,
        "2497022": 1,
        "2497035": 1,
        "2497040": 1,
        "2498005": 1,
        "2498010": 1,
        "2498014": 1,
        "2498015": 1,
        "2498020": 1,
        "2498025": 1,
        "2498035": 1,
        "2498040": 1,
        "2498045": 1,
        "2498050": 1,
        "2498055": 1,
        "2498904": 1,
        "2499005": 1,
        "2499010": 1,
        "2499015": 1,
        "2499025": 1,
        "2499075": 1,
        "2499095": 1,
        "2499120": 1,
        "2499804": 1,
        "2499810": 1,
        "2499812": 1,
        "2499814": 1,
        "3501005": 1,
        "3501007": 1,
        "3501011": 1,
        "3501012": 1,
        "3501020": 1,
        "3501030": 1,
        "3501050": 1,
        "3502001": 1,
        "3502008": 1,
        "3502010": 1,
        "3502023": 1,
        "3502025": 1,
        "3502036": 1,
        "3502044": 1,
        "3502048": 1,
        "3506008": 5,
        "3507008": 1,
        "3507014": 1,
        "3507015": 1,
        "3507021": 1,
        "3507024": 1,
        "3507040": 1,
        "3507042": 1,
        "3507052": 1,
        "3507065": 1,
        "3509004": 1,
        "3509010": 1,
        "3509015": 1,
        "3509021": 1,
        "3509024": 1,
        "3509028": 1,
        "3509030": 1,
        "3510010": 1,
        "3510020": 1,
        "3510035": 1,
        "3511005": 1,
        "3511015": 1,
        "3511030": 1,
        "3511035": 1,
        "3512004": 1,
        "3512005": 1,
        "3512015": 1,
        "3512020": 1,
        "3512026": 1,
        "3512030": 1,
        "3512036": 1,
        "3512046": 1,
        "3512061": 1,
        "3513020": 1,
        "3514004": 1,
        "3514020": 1,
        "3514021": 1,
        "3514045": 1,
        "3515003": 1,
        "3515013": 1,
        "3515014": 1,
        "3515015": 1,
        "3515019": 1,
        "3516010": 1,
        "3518001": 1,
        "3518005": 1,
        "3518009": 1,
        "3518013": 1,
        "3518017": 1,
        "3518020": 1,
        "3518022": 1,
        "3518029": 1,
        "3518039": 1,
        "3519028": 1,
        "3519036": 1,
        "3519038": 1,
        "3519044": 1,
        "3519046": 1,
        "3519048": 1,
        "3519049": 1,
        "3519054": 1,
        "3519070": 1,
        "3520005": 11,
        "3521005": 2,
        "3521010": 1,
        "3521024": 1,
        "3522014": 1,
        "3522021": 1,
        "3523001": 1,
        "3523008": 1,
        "3523009": 1,
        "3523017": 1,
        "3523025": 1,
        "3523033": 1,
        "3523043": 1,
        "3523050": 1,
        "3524001": 1,
        "3524002": 1,
        "3524009": 1,
        "3524015": 1,
        "3525005": 3,
        "3526003": 1,
        "3526011": 1,
        "3526021": 1,
        "3526028": 1,
        "3526032": 1,
        "3526037": 1,
        "3526043": 1,
        "3526047": 1,
        "3526053": 1,
        "3526057": 1,
        "3526065": 1,
        "3528018": 1,
        "3528052": 1,
        "3529005": 1,
        "3529006": 1,
        "3529020": 1,
        "3529021": 1,
        "3530010": 1,
        "3530013": 1,
        "3530016": 1,
        "3530020": 1,
        "3530035": 1,
        "3531011": 1,
        "3531016": 1,
        "3531025": 1,
        "3531030": 1,
        "3531040": 1,
        "3532002": 1,
        "3532004": 1,
        "3532012": 1,
        "3532018": 1,
        "3532038": 1,
        "3532042": 1,
        "3534010": 1,
        "3534011": 1,
        "3534020": 1,
        "3534021": 1,
        "3534024": 1,
        "3534030": 1,
        "3534042": 1,
        "3536020": 1,
        "3536029": 1,
        "3537003": 1,
        "3537013": 1,
        "3537016": 1,
        "3537028": 1,
        "3537034": 1,
        "3537039": 2,
        "3537048": 1,
        "3537064": 1,
        "3538004": 1,
        "3538016": 1,
        "3538019": 1,
        "3538025": 1,
        "3538030": 1,
        "3538031": 1,
        "3538035": 1,
        "3538040": 1,
        "3538043": 1,
        "3538056": 1,
        "3539002": 1,
        "3539005": 1,
        "3539015": 1,
        "3539017": 1,
        "3539018": 1,
        "3539021": 1,
        "3539027": 1,
        "3539033": 1,
        "3539036": 2,
        "3539041": 1,
        "3539060": 1,
        "3540005": 1,
        "3540010": 1,
        "3540025": 1,
        "3540028": 1,
        "3540040": 1,
        "3540046": 1,
        "3540050": 1,
        "3540055": 1,
        "3541015": 1,
        "3541024": 1,
        "3541032": 1,
        "3541043": 1,
        "3541045": 1,
        "3541055": 1,
        "3541057": 1,
        "3541060": 1,
        "3541069": 1,
        "3542004": 1,
        "3542015": 1,
        "3542029": 1,
        "3542037": 1,
        "3542045": 1,
        "3542047": 1,
        "3542059": 1,
        "3543005": 1,
        "3543007": 1,
        "3543009": 1,
        "3543014": 1,
        "3543017": 1,
        "3543023": 1,
        "3543031": 1,
        "3543042": 1,
        "3543050": 1,
        "3543052": 1,
        "3543064": 1,
        "3543068": 1,
        "3543071": 1,
        "3543072": 1,
        "3543074": 1,
        "3544002": 1,
        "3544018": 1,
        "3544042": 1,
        "3544071": 1,
        "3546015": 1,
        "3546024": 1,
        "3547002": 1,
        "3547008": 1,
        "3547030": 1,
        "3547035": 1,
        "3547037": 1,
        "3547048": 1,
        "3547056": 1,
        "3547064": 1,
        "3547076": 1,
        "3547096": 1,
        "3548001": 1,
        "3548021": 1,
        "3548034": 1,
        "3548044": 1,
        "3548055": 1,
        "3548069": 1,
        "3548073": 1,
        "3549022": 1,
        "3549032": 1,
        "3549054": 1,
        "3549060": 1,
        "3549072": 1,
        "3549076": 1,
        "3549077": 1,
        "3549078": 1,
        "3551006": 1,
        "3551011": 1,
        "3551017": 1,
        "3551026": 1,
        "3551040": 1,
        "3551041": 1,
        "3551042": 1,
        "3551043": 1,
        "3551044": 1,
        "3551045": 1,
        "3552001": 1,
        "3552026": 1,
        "3552051": 1,
        "3552053": 1,
        "3552092": 1,
        "3553005": 1,
        "3554020": 1,
        "3554052": 1,
        "3554068": 1,
        "3556014": 1,
        "3556027": 1,
        "3556031": 1,
        "3556042": 1,
        "3556048": 1,
        "3556066": 1,
        "3556073": 1,
        "3556076": 1,
        "3556092": 1,
        "3556094": 1,
        "3556106": 1,
        "3557008": 1,
        "3557021": 1,
        "3557026": 1,
        "3557028": 1,
        "3557038": 1,
        "3557041": 1,
        "3557061": 1,
        "3557072": 1,
        "3557074": 1,
        "3557075": 1,
        "3557076": 1,
        "3557096": 1,
        "3558003": 1,
        "3558004": 1,
        "3558044": 1,
        "3558051": 1,
        "3558054": 1,
        "3558059": 1,
        "3558066": 1,
        "3558075": 1,
        "3558085": 1,
        "3558090": 1,
        "3559001": 1,
        "3559012": 1,
        "3559016": 1,
        "3559019": 1,
        "3559042": 1,
        "3559062": 1,
        "3559063": 1,
        "3560001": 1,
        "3560004": 1,
        "3560010": 1,
        "3560021": 1,
        "3560027": 1,
        "3560032": 1,
        "3560034": 1,
        "3560042": 1,
        "3560046": 1,
        "3560051": 1,
        "3560054": 1,
        "3560089": 1,
        "3560090": 1,
        "3560091": 1,
        "3560097": 1,
        "4601035": 1,
        "4601046": 1,
        "4601051": 1,
        "4601060": 1,
        "4601075": 1,
        "4602024": 1,
        "4602037": 1,
        "4602044": 1,
        "4602061": 1,
        "4603040": 1,
        "4603050": 1,
        "4603067": 1,
        "4603074": 1,
        "4604034": 1,
        "4604040": 1,
        "4604052": 1,
        "4604057": 1,
        "4604064": 1,
        "4605025": 1,
        "4605032": 1,
        "4605038": 1,
        "4605052": 1,
        "4605062": 1,
        "4606023": 1,
        "4606031": 1,
        "4606034": 1,
        "4607039": 1,
        "4607046": 1,
        "4607052": 1,
        "4607062": 1,
        "4607068": 1,
        "4607076": 1,
        "4608032": 1,
        "4608046": 1,
        "4608060": 1,
        "4609018": 1,
        "4609029": 1,
        "4611040": 1,
        "4612047": 1,
        "4612056": 1,
        "4613047": 1,
        "4614031": 1,
        "4614039": 1,
        "4614042": 1,
        "4615020": 1,
        "4615037": 1,
        "4615056": 1,
        "4615063": 1,
        "4615075": 1,
        "4615092": 1,
        "4616005": 1,
        "4616030": 1,
        "4616048": 1,
        "4617035": 1,
        "4617050": 1,
        "4617058": 1,
        "4617072": 1,
        "4618031": 1,
        "4618040": 1,
        "4618044": 1,
        "4618056": 1,
        "4618074": 1,
        "4619059": 1,
        "4620042": 1,
        "4620048": 1,
        "4621043": 1,
        "4621052": 1,
        "4621064": 1,
        "4621071": 1,
        "4621078": 1,
        "4622026": 1,
        "4622046": 1,
        "4622064": 1,
        "4623022": 1,
        "4623034": 1,
        "4623047": 1,
        "4623056": 1,
        "4701002": 1,
        "4701008": 1,
        "4701014": 1,
        "4701024": 1,
        "4701032": 1,
        "4701049": 1,
        "4701056": 1,
        "4701059": 1,
        "4701066": 1,
        "4701078": 1,
        "4701096": 1,
        "4702024": 1,
        "4702029": 1,
        "4702031": 1,
        "4702037": 1,
        "4702047": 1,
        "4702054": 1,
        "4702078": 1,
        "4703004": 1,
        "4703009": 1,
        "4703028": 1,
        "4703036": 1,
        "4703058": 1,
        "4703062": 1,
        "4703071": 1,
        "4704009": 1,
        "4704026": 1,
        "4704036": 1,
        "4704048": 1,
        "4705004": 1,
        "4705016": 1,
        "4705024": 1,
        "4705028": 1,
        "4705029": 1,
        "4705031": 1,
        "4705034": 1,
        "4705048": 1,
        "4705052": 1,
        "4705074": 1,
        "4705078": 1,
        "4706002": 1,
        "4706027": 1,
        "4706039": 1,
        "4706042": 1,
        "4706051": 1,
        "4706056": 1,
        "4706058": 1,
        "4706074": 1,
        "4706092": 1,
        "4706094": 1,
        "4706829": 1,
        "4707016": 1,
        "4707026": 1,
        "4707039": 1,
        "4707054": 1,
        "4707062": 1,
        "4707092": 1,
        "4708004": 1,
        "4708011": 1,
        "4708032": 1,
        "4708044": 1,
        "4708058": 1,
        "4708076": 1,
        "4708094": 1,
        "4709012": 1,
        "4709028": 1,
        "4709032": 1,
        "4709039": 1,
        "4709058": 1,
        "4709064": 1,
        "4709072": 1,
        "4710004": 1,
        "4710012": 1,
        "4710027": 1,
        "4710028": 1,
        "4710038": 1,
        "4710046": 1,
        "4710047": 1,
        "4710058": 1,
        "4710062": 1,
        "4710064": 1,
        "4710068": 1,
        "4711008": 1,
        "4711014": 1,
        "4711027": 1,
        "4711044": 1,
        "4711049": 1,
        "4711053": 1,
        "4711066": 1,
        "4711067": 1,
        "4711068": 1,
        "4711073": 1,
        "4712006": 1,
        "4712016": 1,
        "4712046": 1,
        "4712056": 1,
        "4712079": 1,
        "4713008": 1,
        "4713042": 1,
        "4713051": 1,
        "4713069": 1,
        "4713074": 1,
        "4713098": 1,
        "4714004": 1,
        "4714007": 1,
        "4714022": 1,
        "4714024": 1,
        "4714032": 1,
        "4714044": 1,
        "4714051": 1,
        "4714069": 1,
        "4714076": 1,
        "4714093": 1,
        "4715008": 1,
        "4715031": 1,
        "4715032": 1,
        "4715041": 1,
        "4715042": 1,
        "4715044": 1,
        "4715049": 1,
        "4715062": 1,
        "4715066": 1,
        "4715068": 1,
        "4715070": 1,
        "4715074": 1,
        "4716011": 1,
        "4716016": 1,
        "4716022": 1,
        "4716029": 1,
        "4716042": 1,
        "4716047": 1,
        "4716052": 1,
        "4716054": 1,
        "4716058": 1,
        "4716061": 1,
        "4716072": 1,
        "4717011": 1,
        "4717018": 1,
        "4717029": 1,
        "4717034": 1,
        "4717036": 1,
        "4717041": 1,
        "4717045": 1,
        "4717052": 1,
        "4717058": 1,
        "4718005": 1,
        "4718033": 1,
        "4718041": 1,
        "4718051": 1,
        "4718065": 1,
        "4718067": 1,
        "4718070": 1,
        "4718074": 1,
        "4718090": 1,
        "4801006": 1,
        "4801014": 1,
        "4802004": 1,
        "4802008": 1,
        "4802012": 1,
        "4802018": 1,
        "4802019": 1,
        "4802022": 1,
        "4802034": 1,
        "4802039": 1,
        "4803004": 1,
        "4803014": 1,
        "4803019": 1,
        "4803022": 1,
        "4804011": 1,
        "4804014": 1,
        "4804022": 1,
        "4805002": 1,
        "4805006": 1,
        "4805018": 1,
        "4805026": 1,
        "4805048": 1,
        "4806006": 1,
        "4806011": 1,
        "4806016": 1,
        "4806032": 1,
        "4806034": 1,
        "4806036": 1,
        "4807012": 1,
        "4807014": 1,
        "4807026": 1,
        "4807039": 1,
        "4807042": 1,
        "4807054": 1,
        "4808008": 1,
        "4808011": 1,
        "4808026": 1,
        "4808031": 1,
        "4808038": 1,
        "4808039": 1,
        "4808044": 1,
        "4809015": 1,
        "4810011": 1,
        "4810018": 1,
        "4810022": 1,
        "4810028": 1,
        "4810039": 1,
        "4810042": 1,
        "4810052": 1,
        "4810064": 1,
        "4811002": 1,
        "4811016": 1,
        "4811018": 1,
        "4811026": 1,
        "4811031": 1,
        "4811048": 1,
        "4811056": 1,
        "4811061": 1,
        "4811062": 1,
        "4811065": 1,
        "4812002": 1,
        "4812009": 1,
        "4812016": 1,
        "4812018": 1,
        "4812029": 1,
        "4812037": 1,
        "4813002": 1,
        "4813019": 1,
        "4813030": 1,
        "4813031": 1,
        "4813046": 1,
        "4813048": 1,
        "4814019": 1,
        "4814024": 1,
        "4815007": 1,
        "4815023": 1,
        "4815033": 1,
        "4815035": 1,
        "4816037": 1,
        "4817024": 1,
        "4817029": 1,
        "4817078": 1,
        "4817093": 1,
        "4817095": 1,
        "4817855": 1,
        "4818002": 1,
        "4818005": 1,
        "4818018": 1,
        "4819009": 1,
        "4819012": 1,
        "4819038": 1,
        "4819042": 1,
        "4819058": 1,
        "4819068": 1,
        "4819074": 1,
        "5901012": 1,
        "5901022": 1,
        "5901028": 1,
        "5901037": 1,
        "5901039": 1,
        "5903004": 1,
        "5903015": 1,
        "5903017": 1,
        "5903023": 1,
        "5903032": 1,
        "5903045": 1,
        "5903050": 1,
        "5905005": 1,
        "5905014": 1,
        "5905018": 1,
        "5905032": 1,
        "5907005": 1,
        "5907009": 1,
        "5907014": 1,
        "5907022": 1,
        "5907024": 1,
        "5907035": 1,
        "5907041": 1,
        "5907053": 1,
        "5909009": 1,
        "5909020": 1,
        "5909032": 1,
        "5909052": 1,
        "5909056": 1,
        "5915001": 1,
        "5915002": 1,
        "5915004": 2,
        "5915007": 1,
        "5915011": 1,
        "5915015": 1,
        "5915020": 1,
        "5915022": 4,
        "5915025": 2,
        "5915029": 1,
        "5915034": 1,
        "5915039": 1,
        "5915043": 1,
        "5915046": 1,
        "5915051": 1,
        "5915055": 1,
        "5915062": 1,
        "5915070": 1,
        "5915075": 1,
        "5915811": 1,
        "5917005": 1,
        "5917010": 1,
        "5917015": 1,
        "5917021": 2,
        "5917027": 1,
        "5917030": 1,
        "5917034": 1,
        "5917040": 1,
        "5917041": 1,
        "5917042": 1,
        "5917044": 1,
        "5917047": 1,
        "5917052": 1,
        "5917054": 1,
        "5919008": 1,
        "5919012": 1,
        "5919021": 1,
        "5919046": 1,
        "5919049": 1,
        "5919051": 1,
        "5919822": 1,
        "5921007": 1,
        "5921016": 1,
        "5921018": 1,
        "5921023": 1,
        "5921032": 1,
        "5921034": 1,
        "5923008": 1,
        "5923025": 1,
        "5923037": 1,
        "5924034": 1,
        "5924042": 1,
        "5924804": 1,
        "5926005": 1,
        "5926010": 1,
        "5926022": 1,
        "5927008": 1,
        "5927016": 1,
        "5929005": 1,
        "5929011": 1,
        "5929803": 1,
        "5931006": 1,
        "5931020": 1,
        "5931026": 1,
        "5933006": 1,
        "5933019": 1,
        "5933042": 1,
        "5933045": 1,
        "5933060": 1,
        "5933067": 1,
        "5933074": 1,
        "5935010": 1,
        "5935012": 1,
        "5935016": 1,
        "5935029": 1,
        "5935802": 1,
        "5937005": 1,
        "5937010": 1,
        "5937014": 1,
        "5937017": 1,
        "5937021": 1,
        "5937028": 1,
        "5937033": 1,
        "5939007": 1,
        "5939019": 1,
        "5939032": 1,
        "5939045": 1,
        "5941005": 1,
        "5941009": 1,
        "5941013": 1,
        "5943012": 1,
        "5943017": 1,
        "5943023": 1,
        "5943837": 1,
        "5945014": 1,
        "5945801": 1,
        "5947012": 1,
        "5947023": 1,
        "5947026": 1,
        "5947032": 1,
        "5949005": 1,
        "5949011": 1,
        "5949018": 1,
        "5949022": 1,
        "5951007": 1,
        "5951013": 1,
        "5951022": 1,
        "5951034": 1,
        "5951043": 1,
        "5951809": 1,
        "5953007": 1,
        "5953012": 1,
        "5953023": 1,
        "5953033": 1,
        "5955010": 1,
        "5955014": 1,
        "5955034": 1,
        "5959007": 1,
        "6001003": 1,
        "6001004": 1,
        "6001009": 1,
        "6001012": 1,
        "6001018": 1,
        "6001022": 1,
        "6001029": 1,
        "6001037": 1,
        "6001048": 1,
        "6001049": 1,
        "6101017": 1,
        "6104038": 1,
        "6105001": 1,
        "6105016": 1,
        "6106023": 1,
        "6204003": 1,
        "6205017": 1,
        "6208073": 1
    },
    "path": "data\\ODHF"
}
